PlayerName,Position,BodyFatPercentage,HandLength_Inches,HandWidth_Inches,HeightWithoutShoes_Inches,HeightWithShoes_Inches,StandingReach_Inches,Weight_lbs,Wingspan_Inches,ID,Rank,PickNumber,Team,College,PlayedOverseas,YearsPlayed,GamesPlayed,TotalMinutesPlayed,TotalPoints,TotalRebounds,TotalAssists,FieldGoalPercentage,ThreePointPercentage,FreeThrowPercentage,WinShares,WinSharesPer48Minutes,BoxPlusMinus,ValueOverReplacementPlayer,DraftYear,MinutesPerGame,PointsPerGame,ReboundsPerGame,AssistsPerGame
jordan adams,SG,0.11,8.5,7.5,75.5,76.75,102.0,208.8,82.0,1410,22,22,MEM,UCLA,DOMESTIC,2.0,32,33406,101,30,19,0.402,0.385,0.607,0.4,0.07,1.7,0.2,2014,8.2,3.2,0.9,0.6
kyle anderson,SF,0.13,8.25,8.75,79.5,80.5,107.5,230.1,86.75,1418,30,30,SAS,UCLA,DOMESTIC,8.0,483,33406,3202,2098,1109,0.476,0.335,0.714,25.7,0.122,1.7,9.5,2014,21.0,6.6,4.3,2.3
thanasis antetokounmpo,SF,0.06,9.0,9.75,77.25,78.25,104.5,205.2,84.0,1439,51,51,NYK,FOREIGN,FOREIGN,4.0,116,33406,325,227,80,0.491,0.157,0.522,1.3,0.062,-3.7,-0.5,2014,9.0,2.8,2.0,0.7
cameron bairstow,PF,0.09,8.75,9.0,80.75,81.75,107.0,252.4,84.75,1437,49,49,CHI,New Mexico,DOMESTIC,2.0,36,33406,44,36,7,0.296,0.2,0.846,-0.1,-0.021,-8.1,-0.3,2014,4.6,1.2,1.0,0.2
alec brown,PF,0.08,9.25,8.75,84.25,85.25,109.0,231.2,85.5,1438,50,50,PHO,Green Bay,DOMESTIC,3.57,161,33406,1490,577,306,0.43,0.31,0.73,6.0,0.05,-2.73,0.96,2014,16.23,6.5,2.75,1.36
markel brown,SG,0.04,8.25,9.75,74.5,75.5,100.0,184.4,80.75,1432,44,44,MIN,Oklahoma State,DOMESTIC,3.0,113,33406,584,234,132,0.38,0.295,0.781,1.1,0.029,-2.9,-0.4,2014,15.9,5.2,2.1,1.2
semaj christon,PG,0.05,8.5,8.25,73.5,75.25,99.0,186.0,78.5,1443,55,55,MIA,Xavier,DOMESTIC,1.0,64,33406,183,87,130,0.345,0.19,0.548,0.1,0.006,-5.1,-0.8,2014,15.2,2.9,1.4,2.0
jordan clarkson,PG,0.04,8.25,9.0,75.25,77.0,98.0,186.3,80.0,1434,46,46,WAS,Missouri,DOMESTIC,8.0,576,33406,8801,1882,1463,0.439,0.34,0.828,20.3,0.063,-0.5,5.9,2014,26.9,15.3,3.3,2.5
deandre daniels,SF,0.04,9.25,10.5,79.25,80.5,106.5,196.0,86.0,1425,37,37,TOR,UConn,DOMESTIC,3.57,161,33406,1490,577,306,0.43,0.31,0.73,6.0,0.05,-2.73,0.96,2014,16.23,6.5,2.75,1.36
spencer dinwiddie,PG,0.05,8.25,9.0,76.5,78.0,103.0,204.9,80.25,1426,38,38,DET,Colorado,DOMESTIC,8.0,366,33406,4691,1101,1849,0.406,0.317,0.793,20.4,0.102,0.1,5.2,2014,26.3,12.8,3.0,5.1
cleanthony early,SF,0.04,8.5,9.0,78.0,79.25,101.5,209.4,82.75,1422,34,34,NYK,Wichita State,DOMESTIC,2.0,56,33406,241,123,42,0.346,0.263,0.75,-0.6,-0.039,-5.9,-0.8,2014,14.3,4.3,2.2,0.8
tyler ennis,PG,0.06,8.25,8.75,73.0,74.5,98.0,181.5,79.25,1406,18,18,PHO,Syracuse,DOMESTIC,4.0,186,33406,779,250,359,0.419,0.317,0.768,1.3,0.026,-3.4,-0.8,2014,12.6,4.2,1.3,1.9
dante exum,SG,0.06,8.5,9.5,76.5,78.0,103.0,196.3,81.5,1393,5,5,UTA,FOREIGN,FOREIGN,6.0,245,33406,1389,441,515,0.407,0.305,0.764,3.1,0.032,-3.3,-1.5,2014,18.6,5.7,1.8,2.1
aaron gordon,PF,0.05,8.75,10.5,79.5,80.75,105.0,220.1,83.75,1392,4,4,ORL,Arizona,DOMESTIC,8.0,506,33406,6530,3178,1264,0.457,0.322,0.699,27.5,0.09,0.0,7.2,2014,28.8,12.9,6.3,2.5
jerami grant,SF,0.04,9.25,9.25,78.5,79.75,107.0,214.0,86.75,1427,39,39,PHI,Syracuse,DOMESTIC,8.0,541,33406,6052,2139,719,0.452,0.346,0.719,27.1,0.093,-0.5,5.2,2014,25.9,11.2,4.0,1.3
p.j. hairston,SG,0.08,8.75,9.75,76.25,77.25,101.0,228.8,81.0,1414,26,26,MIA,UNC,DOMESTIC,2.0,111,33406,664,266,59,0.343,0.295,0.81,0.9,0.021,-3.9,-1.0,2014,18.0,6.0,2.4,0.5
gary harris,SG,0.05,8.5,9.5,74.5,76.5,96.0,204.8,78.75,1407,19,19,CHI,Michigan State,DOMESTIC,8.0,459,33406,5442,1151,957,0.449,0.362,0.809,20.3,0.073,-1.4,2.0,2014,28.9,11.9,2.5,2.1
joe harris,SG,0.06,8.5,9.75,76.75,78.25,100.0,215.0,78.0,1421,33,33,CLE,Virginia,DOMESTIC,8.0,414,33406,4584,1344,679,0.483,0.439,0.78,20.5,0.093,-0.6,3.9,2014,25.6,11.1,3.2,1.6
rodney hood,SF,0.07,8.5,8.5,79.25,80.5,103.0,208.2,80.5,1411,23,23,UTA,Duke,DOMESTIC,8.0,437,33406,4622,1151,729,0.419,0.364,0.841,17.2,0.076,-1.2,2.1,2014,24.9,10.6,2.6,1.7
cory jefferson,PF,0.05,8.75,9.75,79.75,81.0,105.0,218.4,84.5,1448,60,60,SAS,Baylor,DOMESTIC,2.0,58,33406,205,161,16,0.444,0.125,0.583,0.9,0.071,-3.3,-0.2,2014,10.0,3.5,2.8,0.3
nick johnson,SG,0.06,8.75,9.75,73.5,75.0,96.5,198.0,79.25,1430,42,42,HOU,Arizona,DOMESTIC,1.0,28,33406,74,39,11,0.347,0.238,0.68,-0.1,-0.02,-6.5,-0.3,2014,9.4,2.6,1.4,0.4
zach lavine,PG,0.05,8.25,8.75,76.5,77.75,100.0,180.9,80.25,1401,13,13,MIN,UCLA,DOMESTIC,8.0,458,33406,8987,1796,1767,0.461,0.387,0.83,22.1,0.073,0.4,8.7,2014,31.7,19.6,3.9,3.9
devyn marble,SG,0.07,8.25,8.5,77.0,78.5,102.0,192.4,81.0,1444,56,56,DEN,Iowa,DOMESTIC,2.0,44,33406,97,69,29,0.304,0.222,0.375,-0.3,-0.028,-5.5,-0.4,2014,10.4,2.2,1.6,0.7
k.j. mcdaniels,SF,0.04,8.75,9.75,76.5,78.0,102.0,195.6,83.25,1420,32,32,PHI,Clemson,DOMESTIC,3.0,148,33406,782,324,95,0.412,0.29,0.776,1.3,0.03,-2.8,-0.4,2014,14.1,5.3,2.2,0.6
doug mcdermott,SF,0.07,8.75,9.75,78.25,79.75,103.0,218.0,81.25,1399,11,11,DEN,Creighton,DOMESTIC,8.0,519,33406,4781,1229,482,0.477,0.412,0.819,19.3,0.085,-1.8,0.5,2014,20.9,9.2,2.4,0.9
jordan mcrae,SG,0.05,8.75,8.5,75.75,77.25,104.0,179.4,84.5,1446,58,58,SAS,Tennessee,DOMESTIC,4.0,123,33406,846,225,167,0.417,0.355,0.772,1.7,0.048,-2.1,0.0,2014,13.8,6.9,1.8,1.4
shabazz napier,PG,0.07,8.25,8.5,71.0,73.0,93.0,175.2,75.25,1412,24,24,CHA,UConn,DOMESTIC,6.0,345,33406,2433,657,849,0.397,0.345,0.815,8.1,0.065,-0.7,2.0,2014,17.4,7.1,1.9,2.5
lamar patterson,SG,0.11,9.0,9.25,76.0,77.25,101.0,226.0,83.0,1436,48,48,MIL,Pitt,DOMESTIC,2.0,40,33406,93,57,45,0.326,0.236,0.72,0.1,0.006,-5.7,-0.4,2014,10.9,2.3,1.4,1.1
adreian payne,PF,0.08,9.25,9.5,81.0,81.75,109.0,238.5,88.0,1403,15,15,ATL,Michigan State,DOMESTIC,4.0,107,33406,429,315,66,0.406,0.254,0.68,-0.6,-0.019,-5.9,-1.4,2014,13.1,4.0,2.9,0.6
elfrid payton,PG,0.06,8.75,9.0,74.5,75.75,98.5,185.4,80.0,1398,10,10,PHI,Louisiana,DOMESTIC,8.0,488,33406,5013,1995,2851,0.448,0.289,0.624,16.0,0.058,-0.9,3.8,2014,27.2,10.3,4.1,5.8
dwight powell,PF,0.06,9.0,9.25,81.5,83.0,105.0,234.4,84.5,1433,45,45,CHA,Stanford,DOMESTIC,8.0,488,33406,3643,2205,493,0.577,0.298,0.744,34.9,0.183,1.2,7.5,2014,18.7,7.5,4.5,1.0
julius randle,PF,0.09,8.75,8.25,79.75,81.0,105.5,249.7,84.0,1395,7,7,LAL,Kentucky,DOMESTIC,8.0,503,33406,8874,4680,1769,0.476,0.333,0.743,31.1,0.095,0.4,9.4,2014,31.1,17.6,9.3,3.5
glenn robinson iii,SF,0.05,9.0,9.5,77.5,78.75,100.5,211.4,82.0,1428,40,40,MIN,Michigan,DOMESTIC,7.0,304,33406,1804,776,238,0.457,0.373,0.779,7.9,0.071,-1.7,0.4,2014,17.4,5.9,2.6,0.8
marcus smart,PG,0.11,9.0,8.75,74.0,75.25,99.0,227.2,81.25,1394,6,6,BOS,Oklahoma State,DOMESTIC,8.0,499,33406,5161,1794,2168,0.38,0.319,0.778,28.0,0.091,-0.2,6.6,2014,29.7,10.3,3.6,4.3
russ smith,PG,0.04,8.25,8.5,71.5,72.75,95.0,160.0,75.5,1435,47,47,PHI,Louisville,DOMESTIC,2.0,27,33406,53,15,19,0.319,0.188,0.769,-0.2,-0.068,-5.1,-0.1,2014,4.9,2.0,0.6,0.7
nik stauskas,SG,0.12,8.5,8.5,77.25,78.5,102.0,206.9,79.75,1396,8,8,SAC,Michigan,DOMESTIC,6.0,337,33406,2283,691,514,0.389,0.354,0.814,3.9,0.028,-3.0,-1.7,2014,19.8,6.8,2.1,1.5
jarnell stokes,PF,0.08,9.75,10.5,79.0,80.5,103.5,262.8,85.25,1423,35,35,UTA,Tennessee,DOMESTIC,3.0,28,33406,67,40,7,0.581,0.31,0.531,0.6,0.202,0.1,0.1,2014,5.4,2.4,1.4,0.3
xavier thames,PG,0.06,8.25,9.0,74.25,75.5,96.0,187.0,76.0,1447,59,59,TOR,San Diego State,DOMESTIC,3.57,161,33406,1490,577,306,0.43,0.31,0.73,6.0,0.05,-2.73,0.96,2014,16.23,6.5,2.75,1.36
noah vonleh,PF,0.07,9.75,11.75,80.0,81.5,108.0,247.1,88.25,1397,9,9,CHA,Indiana,DOMESTIC,7.0,339,33406,1660,1742,257,0.459,0.308,0.691,9.2,0.078,-2.4,-0.6,2014,16.8,4.9,5.1,0.8
t.j. warren,SF,0.08,8.75,9.0,79.0,80.25,104.0,220.2,82.25,1402,14,14,PHO,NC State,DOMESTIC,7.0,332,33406,5142,1372,397,0.507,0.357,0.78,19.6,0.099,-0.2,4.2,2014,28.8,15.5,4.1,1.2
c.j. wilcox,SG,0.07,8.75,9.0,75.5,77.0,100.5,201.0,81.75,1416,28,28,LAC,Washington,DOMESTIC,3.0,66,33406,132,31,30,0.37,0.333,0.813,0.1,0.007,-4.3,-0.2,2014,5.7,2.0,0.5,0.5
james young,SG,0.05,9.0,9.5,77.25,78.75,104.0,213.3,84.0,1405,17,17,BOS,Kentucky,DOMESTIC,4.0,95,33406,219,96,28,0.367,0.277,0.563,0.8,0.046,-3.4,-0.3,2014,8.5,2.3,1.0,0.3
justin anderson,SF-SG,0.05,8.5,9.5,77.25,78.25,101.0,230.6,83.75,1469,21,21,DAL,Virginia,DOMESTIC,6.0,232,33406,1203,585,160,0.412,0.293,0.776,4.7,0.074,-1.4,0.4,2015,13.1,5.2,2.5,0.7
devin booker,SG,0.08,8.75,9.0,76.5,77.75,102.5,205.8,80.25,1461,13,13,PHO,Kentucky,DOMESTIC,7.0,460,33406,10695,1788,2126,0.454,0.354,0.869,27.2,0.085,0.2,8.7,2015,33.6,23.3,3.9,4.6
anthony brown,SF-SG,0.06,8.5,9.0,77.75,79.25,104.5,211.0,83.0,1482,34,34,LAL,Stanford,DOMESTIC,3.0,41,33406,161,103,28,0.328,0.286,0.85,-0.2,-0.016,-5.1,-0.6,2015,18.6,3.9,2.5,0.7
willie cauley-stein,C,0.06,9.5,9.0,83.25,84.5,111.0,242.4,87.0,1454,6,6,SAC,Kentucky,DOMESTIC,7.0,420,33406,3675,2468,597,0.544,0.188,0.612,23.3,0.121,-0.1,4.4,2015,22.1,8.8,5.9,1.4
rakeem christmas,PF-C,0.1,9.25,9.0,80.25,81.75,110.5,242.6,89.25,1484,36,36,MIN,Syracuse,DOMESTIC,2.0,30,33406,63,57,4,0.467,0.31,0.724,0.5,0.105,-4.7,-0.2,2015,7.5,2.1,1.9,0.1
pat connaughton,SG,0.1,8.5,9.25,76.0,77.25,96.0,215.0,80.0,1489,41,41,BRK,Notre Dame,DOMESTIC,7.0,406,33406,2367,1355,505,0.447,0.366,0.791,17.6,0.113,0.0,3.7,2015,18.4,5.8,3.3,1.2
branden dawson,PF,0.06,9.0,8.75,77.5,78.75,105.0,230.2,83.0,1504,56,56,NOP,Michigan State,DOMESTIC,1.0,6,33406,5,4,0,0.4,0.31,1.0,0.0,0.069,-5.7,0.0,2015,4.8,0.8,0.7,0.0
sam dekker,SF,0.08,8.5,9.25,79.75,81.0,106.0,218.6,83.5,1466,18,18,HOU,Wisconsin,DOMESTIC,5.0,201,33406,1094,607,160,0.478,0.288,0.606,5.4,0.083,-1.4,0.5,2015,15.4,5.4,3.0,0.8
jerian grant,PG,0.06,8.25,8.5,75.25,76.25,100.0,198.0,79.5,1467,19,19,WAS,Notre Dame,DOMESTIC,5.0,279,33406,1692,530,805,0.411,0.323,0.77,8.3,0.08,-1.6,0.5,2015,17.9,6.1,1.9,2.9
olivier hanlan,PG-SG,0.04,8.0,8.75,75.25,76.25,100.0,185.8,78.0,1490,42,42,UTA,Boston College,DOMESTIC,3.57,161,33406,1490,577,306,0.43,0.31,0.73,6.0,0.05,-2.73,0.96,2015,16.23,6.5,2.75,1.36
montrezl harrell,PF,0.12,9.0,9.75,79.0,79.5,109.0,253.4,88.25,1480,32,32,HOU,Louisville,DOMESTIC,7.0,437,33406,5686,2338,598,0.619,0.12,0.659,39.2,0.199,2.9,11.7,2015,21.7,13.0,5.4,1.4
andrew harrison,PG,0.06,8.25,9.25,76.5,77.5,100.0,213.2,81.0,1492,44,44,PHO,Kentucky,DOMESTIC,3.0,145,33406,1012,287,399,0.373,0.294,0.779,3.2,0.051,-2.8,-0.6,2015,20.6,7.0,2.0,2.8
tyler harvey,SG,0.09,7.75,8.75,74.75,76.0,98.5,181.4,77.5,1499,51,51,ORL,Eastern Washington,DOMESTIC,3.57,161,33406,1490,577,306,0.43,0.31,0.73,6.0,0.05,-2.73,0.96,2015,16.23,6.5,2.75,1.36
rondae hollis-jefferson,SF,0.05,8.75,9.75,77.5,79.0,104.0,210.8,86.0,1471,23,23,POR,Arizona,DOMESTIC,6.0,305,33406,2760,1684,579,0.449,0.212,0.735,12.9,0.091,-0.7,2.3,2015,22.2,9.0,5.5,1.9
richaun holmes,PF,0.09,8.5,8.5,80.25,81.5,108.0,242.8,85.5,1485,37,37,PHI,Bowling Green,DOMESTIC,7.0,372,33406,3586,2152,401,0.606,0.256,0.745,26.6,0.162,0.5,4.9,2015,21.1,9.6,5.8,1.1
r.j. hunter,SG,0.06,8.5,8.25,76.5,78.0,104.0,185.0,82.5,1476,28,28,BOS,Georgia State University,DOMESTIC,4.0,45,33406,133,46,19,0.371,0.295,0.818,0.4,0.051,-2.0,0.0,2015,8.8,3.0,1.0,0.4
dakari johnson,C,0.15,9.25,10.5,83.0,83.75,112.0,264.6,86.0,1496,48,48,OKC,Kentucky,DOMESTIC,1.0,31,33406,55,34,8,0.564,0.31,0.55,0.6,0.178,-0.3,0.1,2015,5.2,1.8,1.1,0.3
stanley johnson,SF,0.08,9.0,9.0,77.0,78.5,102.0,241.8,83.5,1456,8,8,DET,Arizona,DOMESTIC,7.0,395,33406,2467,1230,565,0.38,0.299,0.755,5.4,0.033,-2.8,-1.7,2015,19.9,6.2,3.1,1.4
tyus jones,PG,0.07,8.25,8.75,72.5,74.0,97.0,184.6,77.0,1472,24,24,CLE,Duke,DOMESTIC,7.0,435,33406,2604,754,1589,0.435,0.343,0.824,17.7,0.107,0.3,4.6,2015,18.2,6.0,1.7,3.7
frank kaminsky,C-PF,0.09,8.5,9.5,83.75,84.75,109.5,231.2,83.0,1457,9,9,CHA,Wisconsin,DOMESTIC,7.0,377,33406,3541,1527,619,0.429,0.348,0.743,15.3,0.093,-0.3,3.4,2015,21.0,9.4,4.1,1.6
kevon looney,PF,0.12,9.5,9.25,80.0,81.25,110.0,222.4,87.5,1478,30,30,GSW,UCLA,DOMESTIC,7.0,344,33406,1603,1600,436,0.562,0.172,0.615,18.5,0.16,-0.5,2.1,2015,16.1,4.7,4.7,1.3
trey lyles,PF,0.12,9.25,10.25,81.0,82.25,108.0,241.2,85.5,1460,12,12,UTA,Kentucky,DOMESTIC,7.0,427,33406,3253,1821,447,0.438,0.336,0.726,13.1,0.082,-1.1,1.8,2015,18.0,7.6,4.3,1.0
jarell martin,PF,0.1,8.25,9.5,80.0,81.25,106.5,238.6,81.0,1473,25,25,MEM,LSU,DOMESTIC,4.0,184,33406,998,639,114,0.434,0.346,0.766,3.2,0.053,-4.3,-1.7,2015,15.9,5.4,3.5,0.6
chris mccullough,PF,0.06,8.75,8.75,80.25,81.0,109.0,199.0,87.25,1477,29,29,BRK,Syracuse,DOMESTIC,3.0,59,33406,194,112,15,0.426,0.306,0.548,0.6,0.054,-2.5,-0.1,2015,9.0,3.3,1.9,0.3
jordan mickey,PF,0.07,8.75,9.5,79.0,80.25,106.0,238.0,87.25,1481,33,33,BOS,LSU,DOMESTIC,3.0,64,33406,152,128,17,0.449,0.118,0.605,0.5,0.05,-4.8,-0.3,2015,7.5,2.4,2.0,0.3
cameron payne,PG,0.06,8.5,8.25,72.75,73.5,97.5,182.8,79.25,1462,14,14,OKC,Murray State,DOMESTIC,7.0,261,33406,1924,559,767,0.421,0.365,0.835,7.1,0.075,-0.6,1.6,2015,17.4,7.4,2.1,2.9
bobby portis,PF,0.09,9.5,9.25,81.5,82.5,108.5,246.2,86.0,1470,22,22,CHI,Arkansas,DOMESTIC,7.0,432,33406,4751,2803,517,0.47,0.384,0.752,19.9,0.103,-0.6,3.2,2015,21.5,11.0,6.5,1.2
norman powell,SG,0.06,9.25,9.0,75.0,76.25,102.5,215.4,82.75,1494,46,46,MIL,UCLA,DOMESTIC,7.0,419,33406,4732,1083,623,0.462,0.382,0.831,19.7,0.101,-0.2,4.3,2015,22.4,11.3,2.6,1.5
terry rozier,PG-SG,0.06,8.25,8.5,72.5,74.25,98.5,190.2,80.25,1464,16,16,BOS,Louisville,DOMESTIC,7.0,455,33406,5584,1770,1400,0.413,0.373,0.815,21.6,0.089,0.4,7.2,2015,25.7,12.3,3.9,3.1
marcus thornton,PG-SG,0.05,8.25,8.5,73.75,74.75,97.5,177.4,79.75,1131,43,43,MIA,LSU,DOMESTIC,8.0,483,33406,5750,1348,677,0.425,0.358,0.83,20.0,0.085,0.2,6.2,2009,23.4,11.9,2.8,1.4
marcus thornton,PG-SG,0.05,8.25,8.5,73.75,74.75,97.5,177.4,79.75,1493,45,45,BOS,William & Mary,DOMESTIC,3.57,161,33406,1490,577,306,0.43,0.31,0.73,6.0,0.05,-2.73,0.96,2015,16.23,6.5,2.75,1.36
j.p. tokoto,SF-SG,0.04,8.0,8.75,77.25,78.25,100.5,195.8,82.0,1506,58,58,PHI,UNC,DOMESTIC,3.57,161,33406,1490,577,306,0.43,0.31,0.73,6.0,0.05,-2.73,0.96,2015,16.23,6.5,2.75,1.36
myles turner,C-PF,0.09,9.25,9.25,81.75,83.5,112.0,238.6,88.0,1459,11,11,IND,Texas,DOMESTIC,7.0,431,33406,5485,2879,513,0.489,0.349,0.768,33.1,0.128,0.7,8.3,2015,28.7,12.7,6.7,1.2
rashad vaughn,SG,0.06,8.0,8.5,75.75,77.0,101.0,198.6,79.0,1465,17,17,MIL,UNLV,DOMESTIC,3.0,139,33406,423,158,75,0.337,0.313,0.692,-0.6,-0.017,-4.7,-1.2,2015,12.0,3.0,1.1,0.5
justise winslow,SF,0.05,8.5,9.25,76.5,78.5,104.5,221.8,82.25,1458,10,10,MIA,Duke,DOMESTIC,7.0,310,33406,2587,1590,779,0.414,0.316,0.638,8.0,0.048,-2.0,0.0,2015,25.9,8.3,5.1,2.5
delon wright,PG,0.07,8.0,8.5,76.25,77.5,101.5,181.4,79.5,1468,20,20,TOR,Utah,DOMESTIC,7.0,387,33406,2840,1251,1189,0.452,0.353,0.795,21.3,0.126,2.0,8.2,2015,20.9,7.3,3.2,3.1
malik beasley,SG,0.07,8.5,9.0,75.5,76.5,100.5,189.8,79.0,1527,19,19,DEN,Florida State,DOMESTIC,6.0,316,33406,3239,774,388,0.429,0.38,0.808,9.0,0.066,-1.2,1.4,2016,20.7,10.3,2.4,1.2
ben bentil,PF,0.1,9.5,10.0,79.25,80.25,105.0,229.2,85.5,1559,51,51,BOS,Providence,DOMESTIC,1.0,3,33406,0,2,0,0.0,0.0,0.73,-0.1,-0.473,-25.9,-0.1,2016,3.3,0.0,0.7,0.0
jaron blossomgame,SF,0.05,8.5,10.0,78.25,79.25,102.0,213.6,82.0,1627,59,59,SAS,Clemson,DOMESTIC,1.0,27,33406,114,98,13,0.443,0.256,0.769,0.3,0.03,-3.8,-0.2,2017,16.3,4.2,3.6,0.5
jaron blossomgame,SF,0.06,8.75,10.25,77.75,78.75,104.5,218.6,82.0,1627,59,59,SAS,Clemson,DOMESTIC,1.0,27,33406,114,98,13,0.443,0.256,0.769,0.3,0.03,-3.8,-0.2,2017,16.3,4.2,3.6,0.5
joel bolomboy,PF,0.05,9.0,10.25,79.5,81.0,103.5,224.4,85.75,1560,52,52,UTA,Weber State,DOMESTIC,2.0,18,33406,31,27,2,0.545,0.2,0.5,0.3,0.132,-0.1,0.0,2016,5.1,1.7,1.5,0.1
malcolm brogdon,SG,0.05,9.0,10.25,75.75,77.5,98.0,223.0,82.5,1544,36,36,MIL,Virginia,DOMESTIC,6.0,325,33406,4991,1357,1550,0.464,0.377,0.883,23.8,0.117,1.1,7.7,2016,30.1,15.4,4.2,4.8
jaylen brown,SG-SF,0.05,8.75,9.0,77.25,78.75,102.5,222.8,83.75,1511,3,3,BOS,California,DOMESTIC,6.0,383,33406,6177,1891,741,0.47,0.373,0.712,22.5,0.099,0.0,5.5,2016,28.5,16.1,4.9,1.9
marquese chriss,PF,0.09,9.0,9.0,80.75,82.0,105.0,233.0,84.25,1516,8,8,SAC,Washington,DOMESTIC,6.0,281,33406,2167,1343,293,0.456,0.29,0.666,6.2,0.056,-2.3,-0.4,2016,18.7,7.7,4.8,1.0
isaiah cousins,PG,0.05,8.25,8.75,75.25,76.5,98.5,194.0,78.25,1567,59,59,SAC,Oklahoma,DOMESTIC,3.57,161,33406,1490,577,306,0.43,0.31,0.73,6.0,0.05,-2.73,0.96,2016,16.23,6.5,2.75,1.36
deyonta davis,PF,0.1,9.0,9.25,81.25,82.5,108.5,237.2,86.5,1539,31,31,BOS,Michigan State,DOMESTIC,3.0,107,33406,454,346,47,0.599,0.0,0.635,3.6,0.131,-2.1,0.0,2016,12.1,4.2,3.2,0.4
cheick diallo,PF,0.06,8.5,9.75,79.5,81.0,107.5,218.6,88.5,1541,33,33,LAC,Kansas,DOMESTIC,5.0,183,33406,958,759,78,0.596,0.286,0.774,6.3,0.139,-1.4,0.3,2016,11.9,5.2,4.1,0.4
kris dunn,PG,0.07,8.71,9.3,75.0,76.25,100.0,211.35,81.5,1513,5,5,MIN,Providence,DOMESTIC,5.0,231,33406,1889,766,950,0.42,0.305,0.727,3.7,0.032,-1.9,0.1,2016,24.1,8.2,3.3,4.1
henry ellenson,PF,0.11,8.5,9.75,82.0,83.5,108.0,242.0,86.25,1526,18,18,DET,Marquette,DOMESTIC,5.0,83,33406,342,206,49,0.371,0.336,0.773,0.4,0.023,-3.7,-0.3,2016,9.5,4.1,2.5,0.6
kay felder,PG,0.06,8.25,8.5,68.25,69.5,88.5,177.2,74.5,1562,54,54,ATL,Oakland,DOMESTIC,2.0,58,33406,223,59,78,0.364,0.268,0.754,-0.4,-0.041,-4.7,-0.4,2016,9.1,3.8,1.0,1.3
michael gbinije,SG,0.05,8.0,9.0,77.5,78.75,101.0,204.6,79.5,1557,49,49,DET,Syracuse,DOMESTIC,1.0,9,33406,4,3,2,0.1,0.0,1.0,-0.1,-0.136,-12.1,-0.1,2016,3.6,0.4,0.3,0.2
daniel hamilton,SG-SF,0.06,9.0,8.5,78.25,80.0,103.5,197.0,81.0,1564,56,56,DEN,UConn,DOMESTIC,2.0,25,33406,69,52,30,0.394,0.357,0.5,0.0,0.0,-3.3,-0.1,2016,9.3,2.8,2.1,1.2
josh hart,SG,0.06,8.5,9.25,76.0,77.5,99.5,203.6,80.5,1598,30,30,UTA,Villanova,DOMESTIC,5.0,286,33406,2731,1646,571,0.448,0.348,0.736,15.1,0.094,-0.4,3.1,2017,27.1,9.5,5.8,2.0
josh hart,SG-SF,0.06,8.5,9.5,75.75,77.0,101.0,209.2,80.25,1598,30,30,UTA,Villanova,DOMESTIC,5.0,286,33406,2731,1646,571,0.448,0.348,0.736,15.1,0.094,-0.4,3.1,2017,27.1,9.5,5.8,2.0
buddy hield,SG,0.06,8.5,9.0,75.75,77.0,101.0,212.4,81.25,1514,6,6,NOP,Oklahoma,DOMESTIC,6.0,446,33406,7070,1895,1076,0.429,0.399,0.863,16.5,0.061,0.2,7.2,2016,28.9,15.9,4.2,2.4
justin jackson,SF,0.08,8.75,8.75,79.0,80.25,103.5,193.4,82.75,1583,15,15,POR,UNC,DOMESTIC,5.0,255,33406,1656,637,276,0.426,0.321,0.799,5.3,0.053,-2.8,-1.0,2017,18.7,6.5,2.5,1.1
justin jackson,SF,0.08,8.75,8.75,79.0,80.25,103.5,193.4,82.75,1671,43,43,DEN,Maryland,DOMESTIC,3.57,161,33406,1490,577,306,0.43,0.31,0.73,6.0,0.05,-2.73,0.96,2018,16.23,6.5,2.75,1.36
justin jackson,PF,0.09,9.0,9.5,78.0,78.75,105.0,229.4,87.0,1583,15,15,POR,UNC,DOMESTIC,5.0,255,33406,1656,637,276,0.426,0.321,0.799,5.3,0.053,-2.8,-1.0,2017,18.7,6.5,2.5,1.1
justin jackson,PF,0.09,9.0,9.5,78.0,78.75,105.0,229.4,87.0,1671,43,43,DEN,Maryland,DOMESTIC,3.57,161,33406,1490,577,306,0.43,0.31,0.73,6.0,0.05,-2.73,0.96,2018,16.23,6.5,2.75,1.36
demetrius jackson,PG,0.07,8.25,9.0,72.0,73.25,93.0,193.8,77.5,1553,45,45,BOS,Notre Dame,DOMESTIC,3.0,26,33406,48,19,17,0.486,0.286,0.667,0.2,0.087,-0.5,0.1,2016,5.2,1.8,0.7,0.7
brice johnson,PF,0.08,9.0,8.25,81.0,82.5,106.5,208.6,84.5,1533,25,25,LAC,UNC,DOMESTIC,2.0,21,33406,47,34,3,0.449,0.0,0.6,0.1,0.062,-0.6,0.0,2016,5.1,2.2,1.6,0.1
damian jones,C,0.07,8.75,10.5,82.25,83.5,107.0,243.6,87.75,1538,30,30,GSW,Vanderbilt,DOMESTIC,6.0,180,33406,896,585,136,0.661,0.286,0.7,7.6,0.141,-1.3,0.4,2016,14.3,5.0,3.3,0.8
jake layman,SF,0.07,8.25,9.25,80.0,81.25,102.0,208.6,81.25,1555,47,47,ORL,Maryland,DOMESTIC,6.0,232,33406,1140,405,125,0.459,0.297,0.72,3.7,0.058,-2.3,-0.2,2016,13.1,4.9,1.7,0.5
caris levert,SG,0.08,8.5,9.25,77.75,79.0,101.0,191.0,82.0,1528,20,20,IND,Michigan,DOMESTIC,6.0,303,33406,4444,1158,1197,0.436,0.333,0.737,11.6,0.067,-0.4,3.4,2016,27.5,14.7,3.8,4.0
thon maker,PF,0.06,8.75,9.5,83.75,84.75,110.5,216.0,87.0,1518,10,10,MIL,FOREIGN,FOREIGN,5.0,263,33406,1216,726,161,0.435,0.327,0.68,6.6,0.087,-2.1,-0.1,2016,13.8,4.6,2.8,0.6
patrick mccaw,PG-SG,0.05,8.75,8.75,77.25,78.75,100.5,180.8,82.0,1546,38,38,MIL,UNLV,DOMESTIC,5.0,199,33406,760,319,270,0.42,0.305,0.785,4.4,0.062,-2.8,-0.6,2016,16.9,3.8,1.6,1.4
georges niang,PF,0.1,9.25,9.25,78.75,80.5,103.0,230.8,82.0,1558,50,50,IND,Iowa State,DOMESTIC,6.0,283,33406,1667,563,228,0.435,0.402,0.865,7.4,0.089,-1.1,0.9,2016,14.1,5.9,2.0,0.8
chinanu onuaku,C,0.09,9.0,8.0,81.0,82.0,108.5,245.2,86.75,1545,37,37,HOU,Louisville,DOMESTIC,2.0,6,33406,18,14,4,0.583,0.31,1.0,0.1,0.043,-5.4,-0.1,2016,12.3,3.0,2.3,0.7
marcus paige,PG,0.04,7.75,8.75,72.5,73.75,97.0,163.8,78.25,1563,55,55,BRK,UNC,DOMESTIC,1.0,5,33406,12,4,3,0.286,0.25,1.0,0.0,-0.006,-8.8,0.0,2016,5.6,2.4,0.8,0.6
jakob poeltl,C,0.06,9.25,10.25,84.25,85.0,111.5,239.0,86.75,1517,9,9,TOR,Utah,DOMESTIC,6.0,397,33406,2762,2339,550,0.627,0.667,0.514,27.0,0.165,1.0,6.0,2016,19.8,7.0,5.9,1.4
taurean prince,SF,0.06,9.0,8.5,78.5,79.75,102.0,220.2,83.5,1520,12,12,UTA,Baylor,DOMESTIC,6.0,348,33406,3667,1378,619,0.414,0.372,0.819,7.4,0.042,-1.9,0.3,2016,24.4,10.5,4.0,1.8
zhou qi,PF-C,0.05,9.25,9.5,85.25,86.25,112.5,218.2,91.75,1551,43,43,HOU,FOREIGN,FOREIGN,2.0,19,33406,24,22,2,0.212,0.105,0.667,-0.2,-0.093,-9.6,-0.2,2016,6.6,1.3,1.2,0.1
malachi richardson,SG-SF,0.07,8.75,10.0,76.75,78.25,101.5,199.6,84.0,1530,22,22,CHA,Syracuse,DOMESTIC,3.0,70,33406,198,70,24,0.358,0.301,0.783,-0.1,-0.009,-6.1,-0.7,2016,8.9,2.8,1.0,0.3
pascal siakam,PF,0.05,9.25,10.0,80.25,81.5,107.5,226.6,87.25,1535,27,27,TOR,New Mexico State,DOMESTIC,6.0,376,33406,5703,2323,1110,0.489,0.328,0.774,30.2,0.134,1.5,9.7,2016,28.9,15.2,6.2,3.0
diamond stone,C,0.13,8.5,7.75,81.0,82.25,108.5,254.4,86.75,1548,40,40,NOP,Maryland,DOMESTIC,1.0,7,33406,10,6,0,0.231,0.31,1.0,-0.1,-0.211,-20.8,-0.1,2016,3.4,1.4,0.9,0.0
caleb swanigan,PF,0.13,9.0,10.25,79.5,80.5,107.0,246.6,87.5,1594,26,26,POR,Purdue,DOMESTIC,3.0,75,33406,169,218,56,0.438,0.118,0.614,-0.2,-0.015,-6.2,-0.7,2017,8.7,2.3,2.9,0.7
caleb swanigan,PF,0.07,9.5,10.25,79.5,80.5,108.0,245.6,87.0,1594,26,26,POR,Purdue,DOMESTIC,3.0,75,33406,169,218,56,0.438,0.118,0.614,-0.2,-0.015,-6.2,-0.7,2017,8.7,2.3,2.9,0.7
tyler ulis,PG,0.05,7.5,7.5,68.75,70.0,88.5,149.2,74.0,1542,34,34,PHO,Kentucky,DOMESTIC,3.0,133,33406,998,223,537,0.403,0.28,0.808,0.5,0.008,-3.6,-1.1,2016,20.9,7.5,1.7,4.0
denzel valentine,SG-SF,0.09,8.5,9.75,76.0,77.75,102.0,210.4,82.75,1522,14,14,CHI,Michigan State,DOMESTIC,5.0,256,33406,1795,857,466,0.394,0.36,0.787,4.5,0.045,-1.8,0.2,2016,18.8,7.0,3.3,1.8
isaiah whitehead,PG-SG,0.09,8.5,8.75,75.25,76.5,100.0,210.0,80.75,1550,42,42,UTA,Seton Hall,DOMESTIC,2.0,89,33406,643,210,212,0.411,0.305,0.788,-0.9,-0.025,-5.0,-1.4,2016,20.5,7.2,2.4,2.4
stephen zimmerman,C,0.11,9.0,9.0,82.25,83.75,108.5,234.0,87.25,1549,41,41,ORL,UNLV,DOMESTIC,1.0,19,33406,23,35,4,0.323,0.31,0.6,0.0,-0.005,-8.3,-0.2,2016,5.7,1.2,1.8,0.2
jarrett allen,C,0.07,9.5,10.5,81.0,82.25,109.5,233.6,89.25,1590,22,22,BRK,Texas,DOMESTIC,5.0,335,33406,3851,2913,466,0.623,0.189,0.698,34.6,0.187,1.7,8.3,2017,26.5,11.5,8.7,1.4
kadeem allen,PG,0.06,8.5,8.75,73.0,74.25,99.5,192.4,81.25,1621,53,53,BOS,Arizona,DOMESTIC,3.0,47,33406,258,71,109,0.435,0.349,0.757,1.0,0.075,-1.2,0.1,2017,13.6,5.5,1.5,2.3
ike anigbogu,C,0.05,9.5,10.0,80.5,81.75,110.5,252.2,90.25,1615,47,47,IND,UCLA,DOMESTIC,2.0,14,33406,13,12,1,0.333,0.31,0.833,0.0,0.057,-1.1,0.0,2017,2.6,0.9,0.9,0.1
og anunoby,SF,0.07,9.25,9.5,78.25,79.75,107.5,232.4,86.25,1591,23,23,TOR,Indiana,DOMESTIC,5.0,295,33406,3056,1213,414,0.469,0.369,0.706,16.8,0.103,0.0,4.0,2017,26.7,10.4,4.1,1.4
dwayne bacon,SG-SF,0.08,8.75,10.0,76.75,78.25,103.5,221.6,82.0,1608,40,40,NOP,Florida State,DOMESTIC,4.0,207,33406,1503,537,230,0.402,0.314,0.78,0.8,0.01,-5.1,-3.1,2017,19.4,7.3,2.6,1.1
jordan bell,PF,0.05,9.25,9.5,79.0,80.5,104.5,223.6,83.75,1606,38,38,CHI,Oregon,DOMESTIC,5.0,161,33406,593,497,201,0.552,0.2,0.636,4.9,0.121,0.2,1.1,2017,12.0,3.7,3.1,1.2
tony bradley,C,0.12,9.5,9.5,81.25,82.75,112.5,248.8,89.0,1596,28,28,LAL,UNC,DOMESTIC,5.0,157,33406,748,699,84,0.635,0.429,0.675,7.3,0.184,0.3,1.1,2017,12.2,4.8,4.5,0.5
dillon brooks,SG-SF,0.08,8.25,9.25,77.0,78.0,100.5,220.2,78.0,1613,45,45,HOU,Oregon,DOMESTIC,5.0,261,33406,3752,796,515,0.42,0.351,0.8,4.8,0.031,-3.8,-3.4,2017,28.3,14.4,3.0,2.0
thomas bryant,PF-C,0.09,9.5,10.25,81.5,82.75,112.5,247.8,90.0,1610,42,42,UTA,Indiana,DOMESTIC,5.0,159,33406,1661,927,211,0.593,0.356,0.755,11.4,0.167,1.7,3.0,2017,20.5,10.4,5.8,1.3
zach collins,PF-C,0.09,8.75,9.25,82.25,84.0,111.0,232.2,85.0,1578,10,10,SAC,Gonzaga,DOMESTIC,4.0,159,33406,910,640,150,0.444,0.327,0.717,4.0,0.069,-2.6,-0.4,2017,17.4,5.7,4.0,0.9
john collins,PF,0.05,9.0,10.0,80.25,81.5,106.5,225.2,83.25,1587,19,19,ATL,Wake Forest,DOMESTIC,5.0,289,33406,4800,2416,451,0.562,0.382,0.78,28.3,0.162,1.5,7.5,2017,29.0,16.6,8.4,1.6
hamidou diallo,SG-SF,0.05,8.5,9.5,75.75,77.0,101.5,197.4,83.25,1673,45,45,BRK,Kentucky,DOMESTIC,4.0,200,33406,1676,787,218,0.473,0.276,0.634,4.6,0.058,-2.5,-0.5,2018,19.0,8.4,3.9,1.1
hamidou diallo,SG,0.04,8.75,9.0,76.25,78.0,103.0,197.0,83.5,1673,45,45,BRK,Kentucky,DOMESTIC,4.0,200,33406,1676,787,218,0.473,0.276,0.634,4.6,0.058,-2.5,-0.5,2018,19.0,8.4,3.9,1.1
tyler dorsey,SG,0.05,8.5,9.25,75.0,76.5,99.5,182.6,77.25,1609,41,41,ATL,Oregon,DOMESTIC,2.0,104,33406,701,243,135,0.389,0.35,0.669,1.0,0.03,-3.1,-0.5,2017,16.1,6.7,2.3,1.3
damyean dotson,SG-SF,0.05,8.5,9.25,76.5,77.5,100.0,205.2,81.0,1612,44,44,NYK,Oregon,DOMESTIC,5.0,213,33406,1594,532,315,0.417,0.345,0.711,3.0,0.034,-2.8,-0.9,2017,19.9,7.5,2.5,1.5
jawun evans,PG,0.09,8.0,7.75,70.75,71.5,95.0,185.2,77.5,1607,39,39,PHI,Oklahoma State,DOMESTIC,2.0,56,33406,237,96,110,0.345,0.263,0.776,-0.4,-0.022,-5.4,-0.7,2017,15.1,4.2,1.7,2.0
terrance ferguson,SG-SF,0.06,8.5,10.0,77.5,79.0,103.0,184.4,80.75,1589,21,21,OKC,FOREIGN,FOREIGN,4.0,204,33406,924,263,144,0.404,0.334,0.753,4.4,0.053,-4.0,-2.1,2017,19.6,4.5,1.3,0.7
markelle fultz,PG,0.07,8.71,9.3,76.75,77.92,102.31,211.35,81.8,1569,1,1,PHI,Washington,DOMESTIC,4.0,113,33406,1228,376,524,0.447,0.265,0.695,3.1,0.052,-2.2,-0.2,2017,25.6,10.9,3.3,4.6
harry giles,PF,0.05,9.5,10.75,81.25,82.5,109.5,232.0,87.25,1588,20,20,POR,Duke,DOMESTIC,3.0,142,33406,832,543,174,0.511,0.258,0.671,3.0,0.079,-2.4,-0.2,2017,12.9,5.9,3.8,1.2
frank jackson,PG,0.07,8.25,9.0,74.0,75.5,98.0,201.6,79.5,1599,31,31,CHA,Duke,DOMESTIC,4.0,203,33406,1724,372,207,0.426,0.338,0.774,2.3,0.03,-3.8,-1.7,2017,18.1,8.5,1.8,1.0
luke kennard,SG-SF,0.07,8.0,8.75,76.5,77.5,98.5,196.2,77.25,1580,12,12,DET,Duke,DOMESTIC,5.0,277,33406,2724,792,570,0.449,0.422,0.864,13.1,0.098,-0.3,2.9,2017,23.3,9.8,2.9,2.1
kyle kuzma,SF-SG,0.09,8.5,9.5,80.0,81.5,107.5,222.6,84.25,1595,27,27,BRK,Utah,DOMESTIC,5.0,331,33406,5103,2038,696,0.448,0.338,0.722,14.3,0.069,-1.0,2.5,2017,30.3,15.4,6.2,2.1
tyler lydon,PF,0.14,8.75,8.75,80.25,81.5,107.5,215.0,84.0,1592,24,24,UTA,Syracuse,DOMESTIC,2.0,26,33406,23,18,6,0.5,0.4,0.333,0.2,0.084,-4.3,-0.1,2017,3.7,0.9,0.7,0.2
frank mason iii,PG,0.04,8.0,9.25,71.0,72.0,94.0,188.8,75.25,1602,34,34,SAC,Kansas,DOMESTIC,4.0,103,33406,695,204,272,0.396,0.301,0.755,1.2,0.035,-2.6,-0.3,2017,15.7,6.7,2.0,2.6
donovan mitchell,SG,0.06,8.5,9.5,73.25,75.0,97.0,211.4,82.0,1581,13,13,DEN,Louisville,DOMESTIC,5.0,324,33406,7685,1345,1423,0.441,0.36,0.835,27.3,0.12,2.4,12.2,2017,33.7,23.7,4.2,4.4
monte morris,PG,0.07,8.25,8.75,73.25,74.5,96.5,175.2,76.0,1619,51,51,DEN,Iowa State,DOMESTIC,5.0,257,33406,2660,583,934,0.478,0.388,0.823,16.6,0.125,0.3,3.7,2017,24.9,10.4,2.3,3.6
svi mykhailiuk,SG-SF,0.11,8.0,9.25,78.5,79.5,100.0,219.6,77.0,1675,47,47,LAL,Kansas,DOMESTIC,4.0,207,33406,1424,392,293,0.4,0.354,0.779,2.5,0.033,-2.6,-0.6,2018,17.8,6.9,1.9,1.4
semi ojeleye,SF-SG,0.06,8.75,9.5,77.25,78.75,102.0,241.4,81.75,1605,37,37,BOS,SMU,DOMESTIC,5.0,276,33406,941,599,122,0.382,0.343,0.706,5.0,0.059,-3.5,-1.5,2017,14.6,3.4,2.2,0.4
justin patton,C,0.08,8.75,9.75,82.0,83.25,111.5,229.0,87.0,1584,16,16,CHI,Creighton,DOMESTIC,4.0,22,33406,86,60,19,0.404,0.25,0.667,0.4,0.066,-2.8,-0.1,2017,13.5,3.9,2.7,0.9
alec peters,PF,0.09,8.75,10.0,79.25,80.75,105.0,232.0,82.75,1622,54,54,PHO,Valparaiso,DOMESTIC,1.0,20,33406,82,37,12,0.378,0.31,0.8,0.3,0.055,-2.8,0.0,2017,11.3,4.1,1.9,0.6
ivan rabb,PF,0.07,8.75,9.0,80.75,82.0,109.0,219.6,85.5,1603,35,35,ORL,California,DOMESTIC,2.0,85,33406,485,364,86,0.555,0.2,0.743,3.2,0.125,-1.7,0.1,2017,14.6,5.7,4.3,1.0
davon reed,SG-SF,0.07,9.25,9.5,76.5,77.5,102.0,206.2,84.0,1600,32,32,PHO,Miami (FL),DOMESTIC,3.0,60,33406,192,118,45,0.393,0.379,0.706,0.8,0.054,-2.6,-0.1,2017,11.5,3.2,2.0,0.8
edmond sumner,PG,0.08,8.25,9.0,76.0,77.75,102.5,176.4,81.0,1620,52,52,NOP,Xavier,DOMESTIC,4.0,108,33406,619,165,114,0.474,0.333,0.728,1.9,0.061,-3.2,-0.4,2017,14.1,5.7,1.5,1.1
sindarius thornwell,SG-SF,0.08,8.75,8.75,75.5,76.75,103.0,211.6,82.0,1616,48,48,MIL,South Carolina,DOMESTIC,4.0,160,33406,401,206,111,0.407,0.34,0.672,1.1,0.032,-3.1,-0.5,2017,10.8,2.5,1.3,0.7
moritz wagner,PF,0.07,8.75,10.75,82.0,83.25,108.0,231.2,84.0,1653,25,25,LAL,Michigan,DOMESTIC,4.0,178,33406,1252,560,179,0.486,0.32,0.812,4.8,0.089,-1.9,0.1,2018,14.4,7.0,3.1,1.0
moritz wagner,C-PF,0.07,9.0,10.75,82.5,83.5,108.0,241.4,84.0,1653,25,25,LAL,Michigan,DOMESTIC,4.0,178,33406,1252,560,179,0.486,0.32,0.812,4.8,0.089,-1.9,0.1,2018,14.4,7.0,3.1,1.0
thomas welsh,PF-C,0.11,9.0,10.5,83.5,84.5,109.5,254.0,84.0,1686,58,58,DEN,UCLA,DOMESTIC,1.0,11,33406,18,4,5,0.538,0.429,0.5,0.1,0.162,1.2,0.0,2018,3.3,1.6,0.4,0.5
derrick white,PG,0.06,8.25,8.5,75.25,76.5,101.5,189.8,79.5,1597,29,29,SAS,Colorado,DOMESTIC,5.0,241,33406,2790,793,929,0.444,0.341,0.834,13.9,0.107,1.3,5.2,2017,25.8,11.6,3.3,3.9
nigel williams-goss,PG,0.06,8.75,9.25,73.5,75.0,99.0,190.2,79.25,1623,55,55,UTA,Gonzaga,DOMESTIC,1.0,10,33406,14,6,6,0.313,0.286,1.0,0.0,0.017,-3.9,0.0,2017,5.0,1.4,0.6,0.6
d.j. wilson,PF,0.06,9.25,10.25,80.75,82.5,109.5,234.4,87.0,1585,17,17,MIL,Michigan,DOMESTIC,5.0,145,33406,641,450,107,0.417,0.327,0.618,2.8,0.073,-2.6,-0.3,2017,12.4,4.4,3.1,0.7
grayson allen,SG,0.06,8.25,10.0,75.0,76.5,97.0,198.0,79.25,1649,21,21,UTA,Duke,DOMESTIC,4.0,175,33406,1637,434,259,0.424,0.386,0.837,7.1,0.09,-0.9,1.1,2018,21.5,9.4,2.5,1.5
kostas antetokounmpo,PF,0.05,9.25,9.5,81.0,82.5,110.0,194.8,86.25,1688,60,60,PHI,Dayton,DOMESTIC,3.0,22,33406,21,23,3,0.375,0.31,0.474,-0.2,-0.098,-9.9,-0.2,2018,4.0,1.0,1.0,0.1
udoka azubuike,C,0.08,9.5,10.0,82.0,84.25,112.5,273.8,91.0,1775,27,27,UTA,Kansas,DOMESTIC,2.0,30,33406,88,75,0,0.698,0.31,0.667,0.7,0.141,-2.4,0.0,2020,7.8,2.9,2.5,0.0
keita bates-diop,SG-SF,0.05,9.0,8.5,79.25,80.5,106.5,223.8,87.25,1676,48,48,MIN,Ohio State,DOMESTIC,4.0,149,33406,757,434,86,0.451,0.308,0.696,3.1,0.066,-2.3,-0.2,2018,14.9,5.1,2.9,0.6
miles bridges,SF,0.06,9.0,9.75,77.25,78.75,103.5,220.4,81.5,1640,12,12,LAC,Michigan State,DOMESTIC,4.0,269,33406,3441,1500,564,0.467,0.34,0.808,13.7,0.085,-0.5,2.9,2018,28.7,12.8,5.6,2.1
bruce brown,SG-PG,0.04,8.5,8.5,75.5,77.0,98.5,194.6,81.0,1670,42,42,DET,Miami (FL),DOMESTIC,4.0,247,33406,1732,1023,491,0.474,0.301,0.739,10.2,0.087,-1.5,0.7,2018,22.7,7.0,4.1,2.0
jalen brunson,PG,0.07,8.25,9.25,73.0,74.25,96.0,198.4,76.0,1661,33,33,DAL,Villanova,DOMESTIC,4.0,256,33406,2944,756,971,0.494,0.373,0.786,15.6,0.121,0.1,3.3,2018,24.1,11.5,3.0,3.8
tony carr,PG,0.07,8.5,9.75,75.0,76.5,100.0,198.8,80.25,1679,51,51,NOP,Penn State,DOMESTIC,3.57,161,33406,1490,577,306,0.43,0.31,0.73,6.0,0.05,-2.73,0.96,2018,16.23,6.5,2.75,1.36
jevon carter,PG,0.04,9.25,8.5,72.25,73.5,95.0,196.2,76.25,1660,32,32,MEM,West Virginia,DOMESTIC,4.0,203,33406,872,343,270,0.375,0.369,0.789,3.3,0.057,-1.4,0.4,2018,13.7,4.3,1.7,1.3
donte divincenzo,SG,0.05,8.25,9.0,75.5,76.5,97.5,200.6,78.0,1645,17,17,MIL,Villanova,DOMESTIC,4.0,179,33406,1579,836,429,0.421,0.34,0.755,8.6,0.099,-0.1,2.1,2018,23.2,8.8,4.7,2.4
carsen edwards,PG,0.06,8.5,9.25,70.75,72.0,94.5,195.6,78.25,1721,33,33,PHI,Purdue,DOMESTIC,2.0,68,33406,244,73,38,0.372,0.302,0.75,0.4,0.03,-4.5,-0.4,2019,9.2,3.6,1.1,0.6
carsen edwards,PG,0.06,8.75,9.0,70.75,72.25,94.5,199.4,78.0,1721,33,33,PHI,Purdue,DOMESTIC,2.0,68,33406,244,73,38,0.372,0.302,0.75,0.4,0.03,-4.5,-0.4,2019,9.2,3.6,1.1,0.6
jacob evans,SG-SF,0.07,9.0,9.25,76.25,77.5,102.5,199.6,81.25,1656,28,28,GSW,Cincinnati,DOMESTIC,2.0,59,33406,168,66,54,0.337,0.315,0.833,-0.6,-0.047,-7.4,-0.8,2018,10.5,2.8,1.1,0.9
bruno fernando,C,0.05,9.5,10.0,80.75,81.75,109.0,233.2,88.25,1722,34,34,PHI,Maryland,DOMESTIC,3.0,111,33406,320,297,63,0.498,0.146,0.617,0.8,0.04,-4.7,-0.7,2019,9.1,2.9,2.7,0.6
bruno fernando,C,0.05,9.25,10.0,80.75,82.25,110.0,237.0,87.25,1722,34,34,PHI,Maryland,DOMESTIC,3.0,111,33406,320,297,63,0.498,0.146,0.617,0.8,0.04,-4.7,-0.7,2019,9.1,2.9,2.7,0.6
melvin frazier,SF-SG,0.08,9.5,9.5,76.5,78.0,105.0,198.2,85.75,1663,35,35,ORL,Tulane,DOMESTIC,2.0,29,33406,55,15,4,0.4,0.364,0.375,0.0,0.008,-5.4,-0.2,2018,5.9,1.9,0.5,0.1
shai gilgeous-alexander,PG,0.03,9.0,9.0,76.5,78.0,104.0,180.0,83.5,1639,11,11,CHA,Kentucky,DOMESTIC,4.0,230,33406,4026,1013,945,0.467,0.345,0.807,16.2,0.107,1.6,6.7,2018,31.6,17.5,4.4,4.1
devon hall,SG,0.08,8.5,10.0,76.25,78.0,102.0,206.4,79.75,1681,53,53,OKC,Virginia,DOMESTIC,1.0,11,33406,20,7,13,0.2,0.235,0.5,-0.2,-0.116,-6.7,-0.1,2018,7.4,1.8,0.6,1.2
jaylen hands,PG,0.05,8.0,8.0,73.5,74.75,98.0,179.0,77.5,1744,56,56,LAC,UCLA,DOMESTIC,3.57,161,33406,1490,577,306,0.43,0.31,0.73,6.0,0.05,-2.73,0.96,2019,16.23,6.5,2.75,1.36
jaylen hands,PG,0.05,8.0,8.25,73.5,75.0,97.0,180.4,77.5,1744,56,56,LAC,UCLA,DOMESTIC,3.57,161,33406,1490,577,306,0.43,0.31,0.73,6.0,0.05,-2.73,0.96,2019,16.23,6.5,2.75,1.36
kevin hervey,PF,0.05,9.25,10.25,78.5,79.75,107.0,211.6,87.5,1685,57,57,OKC,UT Arlington,DOMESTIC,1.0,10,33406,17,12,5,0.259,0.15,0.73,-0.1,-0.085,-5.1,0.0,2018,5.2,1.7,1.2,0.5
aaron holiday,PG,0.06,8.75,8.5,71.75,72.75,97.0,187.0,79.5,1651,23,23,IND,UCLA,DOMESTIC,4.0,226,33406,1669,385,521,0.415,0.371,0.827,4.1,0.047,-2.4,-0.4,2018,18.3,7.4,1.7,2.3
kevin huerter,SG,0.09,8.25,8.5,78.25,79.25,101.5,194.0,79.5,1647,19,19,ATL,Maryland,DOMESTIC,4.0,251,33406,2825,866,811,0.43,0.376,0.787,8.3,0.054,-1.4,1.1,2018,29.5,11.3,3.5,3.2
alize johnson,PF,0.08,8.5,9.75,79.25,80.0,103.0,216.6,80.75,1678,50,50,IND,Missouri State,DOMESTIC,4.0,68,33406,173,205,30,0.493,0.25,0.718,1.3,0.124,-1.8,0.0,2018,7.5,2.5,3.0,0.4
george king,SF-SG,0.07,9.0,10.25,76.75,78.0,101.5,218.6,83.5,1687,59,59,PHO,Colorado,DOMESTIC,2.0,5,33406,1,6,0,0.0,0.0,0.5,-0.1,-0.222,-17.0,-0.1,2018,5.0,0.2,1.2,0.0
kevin knox,SF,0.05,8.75,9.25,79.75,81.0,108.0,212.6,83.75,1637,9,9,NYK,Kentucky,DOMESTIC,4.0,203,33406,1608,615,170,0.368,0.342,0.704,-0.5,-0.006,-4.7,-2.7,2018,19.5,7.9,3.0,0.8
cody martin,SG-SF,0.05,8.5,9.0,76.75,78.0,102.5,188.6,82.25,1724,36,36,CHA,Nevada,DOMESTIC,3.0,149,33406,836,527,309,0.444,0.325,0.642,4.7,0.072,-1.4,0.5,2019,20.7,5.6,3.5,2.1
cody martin,PG-SG,0.05,8.25,9.0,76.75,77.5,102.5,192.2,82.25,1724,36,36,CHA,Nevada,DOMESTIC,3.0,149,33406,836,527,309,0.444,0.325,0.642,4.7,0.072,-1.4,0.5,2019,20.7,5.6,3.5,2.1
chimezie metu,PF-C,0.05,9.0,9.25,80.5,81.5,108.0,219.6,84.5,1677,49,49,SAS,USC,DOMESTIC,4.0,125,33406,712,427,98,0.456,0.288,0.755,1.6,0.047,-2.5,-0.2,2018,13.4,5.7,3.4,0.8
shake milton,SG-PG,0.07,8.75,9.5,76.5,77.5,99.5,207.2,84.75,1682,54,54,DAL,SMU,DOMESTIC,4.0,154,33406,1589,367,403,0.446,0.361,0.825,6.0,0.088,-1.8,0.2,2018,21.4,10.3,2.4,2.6
josh okogie,SG,0.05,9.0,9.75,75.0,76.5,102.0,210.8,84.0,1648,20,20,MIN,Georgia Tech,DOMESTIC,4.0,228,33406,1504,702,271,0.4,0.273,0.755,5.0,0.049,-3.0,-1.2,2018,21.5,6.6,3.1,1.2
jerome robinson,SG,0.06,9.0,10.0,76.0,77.0,98.0,188.4,79.25,1641,13,13,LAC,Boston College,DOMESTIC,3.0,113,33406,514,208,131,0.363,0.31,0.721,-0.1,-0.003,-4.7,-1.1,2018,14.2,4.5,1.8,1.2
collin sexton,PG,0.06,8.25,8.5,72.5,73.5,98.5,183.0,79.25,1636,8,8,CLE,Alabama,DOMESTIC,4.0,218,33406,4356,663,720,0.458,0.378,0.827,5.5,0.037,-2.5,-0.9,2018,32.9,20.0,3.0,3.3
landry shamet,PG,0.05,8.0,9.0,76.0,77.25,100.0,188.6,78.75,1654,26,26,PHI,Wichita State,DOMESTIC,4.0,238,33406,2112,432,386,0.408,0.39,0.837,9.7,0.084,-1.8,0.2,2018,23.3,8.9,1.8,1.6
anfernee simons,SG-PG,0.08,8.75,9.0,74.25,75.25,99.5,183.2,81.25,1652,24,24,POR,FOREIGN,FOREIGN,4.0,207,33406,2055,448,404,0.425,0.39,0.828,4.6,0.052,-2.1,-0.1,2018,20.5,9.9,2.2,2.0
zhaire smith,SF-SG,0.06,8.75,8.25,74.75,76.0,100.0,198.6,81.75,1644,16,16,PHO,Texas Tech,DOMESTIC,2.0,13,33406,48,15,12,0.378,0.316,0.667,0.0,0.011,-6.1,-0.1,2018,11.0,3.7,1.2,0.9
ray spalding,PF,0.06,9.25,9.0,81.0,82.25,109.0,215.4,88.75,1684,56,56,PHI,Louisville,DOMESTIC,2.0,16,33406,58,52,5,0.529,0.0,0.286,0.1,0.024,-6.2,-0.2,2018,10.4,3.6,3.3,0.3
omari spellman,PF-C,0.14,9.0,9.0,80.0,81.25,107.5,253.8,86.0,1658,30,30,ATL,Villanova,DOMESTIC,2.0,95,33406,642,413,94,0.417,0.366,0.766,2.4,0.068,-1.5,0.2,2018,17.8,6.8,4.3,1.0
khyri thomas,SG,0.06,8.75,9.25,74.5,75.75,101.0,198.8,82.5,1666,38,38,PHI,Creighton,DOMESTIC,3.0,39,33406,160,39,36,0.388,0.316,0.75,0.5,0.058,-2.7,-0.1,2018,10.5,4.1,1.0,0.9
trae young,PG,0.05,8.0,9.25,72.5,73.75,95.5,177.8,75.0,1633,5,5,DAL,Oklahoma,DOMESTIC,4.0,257,33406,6396,1007,2300,0.437,0.352,0.868,22.6,0.126,2.7,10.1,2018,33.4,24.9,3.9,8.9
nickeil alexander-walker,SG,0.06,8.5,8.75,76.25,77.5,102.0,203.8,81.5,1705,17,17,BRK,Virginia Tech,DOMESTIC,3.0,145,33406,1414,393,330,0.388,0.33,0.715,0.2,0.004,-2.8,-0.6,2019,20.1,9.8,2.7,2.3
rj barrett,SF,0.07,8.71,9.3,76.75,77.92,102.31,211.35,81.8,1691,3,3,NYK,Duke,DOMESTIC,3.0,176,33406,2930,965,485,0.421,0.364,0.687,5.0,0.041,-2.2,-0.3,2019,33.0,16.6,5.5,2.8
charles bassey,C,0.09,9.25,9.5,80.75,82.0,109.5,239.0,87.5,1861,53,53,PHI,Western Kentucky,DOMESTIC,1.0,23,33406,69,62,7,0.638,0.0,0.75,0.8,0.225,1.9,0.2,2021,7.3,3.0,2.7,0.3
charles bassey,C,0.06,9.0,9.5,72.25,72.25,97.5,230.2,84.0,1861,53,53,PHI,Western Kentucky,DOMESTIC,1.0,23,33406,69,62,7,0.638,0.0,0.75,0.8,0.225,1.9,0.2,2021,7.3,3.0,2.7,0.3
darius bazley,PF,0.04,9.0,9.75,79.75,81.0,107.0,208.4,84.0,1711,23,23,UTA,FOREIGN,FOREIGN,3.0,169,33406,1618,990,211,0.397,0.305,0.699,1.4,0.016,-2.8,-0.8,2019,25.4,9.6,5.9,1.2
bol bol,C,0.07,9.25,9.5,84.75,86.5,115.5,208.0,91.0,1732,44,44,MIA,Oregon,DOMESTIC,3.0,53,33406,142,63,18,0.478,0.378,0.667,0.2,0.033,-3.0,-0.1,2019,6.2,2.7,1.2,0.3
jordan bone,SG,0.05,7.5,9.25,73.5,74.75,95.0,179.0,75.25,1745,57,57,NOP,Tennessee,DOMESTIC,2.0,24,33406,68,28,26,0.378,0.286,0.73,0.1,0.01,-5.9,-0.2,2019,10.4,2.8,1.2,1.1
ignas brazdeikis,SF,0.06,8.75,9.5,77.75,79.25,102.0,220.8,81.25,1735,47,47,SAC,Michigan,DOMESTIC,3.0,50,33406,187,86,42,0.377,0.319,0.765,0.1,0.006,-5.4,-0.5,2019,11.1,3.7,1.7,0.8
brandon clarke,SF,0.05,8.25,9.5,79.25,80.25,102.0,207.2,80.25,1709,21,21,OKC,Gonzaga,DOMESTIC,3.0,162,33406,1784,920,240,0.587,0.294,0.717,13.8,0.184,2.9,4.4,2019,22.1,11.0,5.7,1.5
jarrett culver,SG,0.05,8.25,8.5,77.25,78.75,100.5,194.2,81.5,1694,6,6,PHO,Texas Tech,DOMESTIC,3.0,124,33406,862,355,160,0.407,0.29,0.505,0.2,0.003,-4.2,-1.3,2019,18.2,7.0,2.9,1.3
daniel gafford,PF,0.06,9.25,9.25,81.25,82.5,110.0,237.6,86.25,1726,38,38,CHI,Arkansas,DOMESTIC,3.0,146,33406,1032,630,99,0.683,0.31,0.664,9.5,0.189,1.2,1.9,2019,16.4,7.1,4.3,0.7
darius garland,PG,0.07,8.71,9.3,76.75,77.92,102.31,211.35,81.8,1693,5,5,CLE,Vanderbilt,DOMESTIC,3.0,160,33406,2622,396,932,0.444,0.375,0.877,4.2,0.038,-1.9,0.1,2019,32.8,16.4,2.5,5.8
quentin grimes,SG,0.08,8.25,10.0,76.0,77.25,100.5,209.6,79.75,1833,25,25,LAC,Houston,DOMESTIC,1.0,39,33406,253,77,38,0.421,0.398,0.647,1.3,0.091,-0.1,0.4,2021,17.8,6.5,2.0,1.0
quentin grimes,SG,0.07,8.5,10.0,72.0,72.25,96.0,205.0,72.0,1833,25,25,LAC,Houston,DOMESTIC,1.0,39,33406,253,77,38,0.421,0.398,0.647,1.3,0.091,-0.1,0.4,2021,17.8,6.5,2.0,1.0
kyle guy,SG,0.06,8.0,8.75,72.75,74.25,95.5,167.8,76.5,1743,55,55,NYK,Virginia,DOMESTIC,3.0,49,33406,164,49,50,0.373,0.321,0.767,0.2,0.018,-4.4,-0.3,2019,8.6,3.3,1.0,1.0
jaxson hayes,PF,0.05,9.25,10.5,82.25,83.5,110.5,218.6,87.5,1696,8,8,ATL,Texas,DOMESTIC,3.0,171,33406,1328,701,114,0.647,0.318,0.716,10.5,0.178,0.2,1.5,2019,16.6,7.8,4.1,0.7
dewan hernandez,C,0.06,9.5,10.25,81.0,82.25,107.0,232.8,85.75,1747,59,59,TOR,Miami (FL),DOMESTIC,1.0,6,33406,14,14,3,0.357,0.5,0.6,0.0,0.043,-9.6,-0.1,2019,4.7,2.3,2.3,0.5
tyler herro,SG,0.07,8.0,8.75,76.5,78.0,100.5,192.4,75.25,1701,13,13,MIA,Kentucky,DOMESTIC,3.0,155,33406,2478,713,486,0.431,0.375,0.852,5.2,0.053,-1.2,1.0,2019,30.0,16.0,4.6,3.1
talen horton-tucker,SG,0.08,9.5,9.75,74.5,76.0,103.0,235.4,85.25,1734,46,46,ORL,Iowa State,DOMESTIC,3.0,113,33406,1018,317,299,0.438,0.279,0.779,3.0,0.058,-2.3,-0.2,2019,21.9,9.0,2.8,2.6
de'andre hunter,PF,0.07,8.71,9.3,76.75,77.92,102.31,211.35,81.8,1692,4,4,LAL,Virginia,DOMESTIC,3.0,116,33406,1513,498,192,0.434,0.356,0.778,2.2,0.03,-3.4,-1.3,2019,30.8,13.0,4.3,1.7
ty jerome,PG,0.07,8.25,9.5,76.25,77.5,98.0,194.4,76.0,1712,24,24,PHI,Virginia,DOMESTIC,3.0,112,33406,795,215,273,0.398,0.344,0.784,2.1,0.052,-1.9,0.0,2019,17.1,7.1,1.9,2.4
keldon johnson,SG,0.06,8.0,9.25,76.75,78.0,104.0,216.4,81.25,1717,29,29,SAS,Kentucky,DOMESTIC,3.0,141,33406,1898,797,237,0.481,0.396,0.749,7.6,0.091,-1.2,0.8,2019,28.3,13.5,5.7,1.7
cameron johnson,SG,0.06,8.0,8.5,79.0,80.5,103.0,205.2,82.0,1699,11,11,MIN,UNC,DOMESTIC,3.0,172,33406,1730,617,229,0.439,0.389,0.835,10.0,0.116,0.9,3.1,2019,24.0,10.1,3.6,1.3
mfiondu kabengele,PF,0.05,9.25,10.75,80.75,82.25,109.5,256.2,87.0,1715,27,27,BRK,Florida State,DOMESTIC,2.0,51,33406,137,71,19,0.388,0.314,0.84,0.4,0.054,-3.1,-0.1,2019,6.7,2.7,1.4,0.4
romeo langford,SG,0.07,9.0,9.0,76.5,78.0,103.0,211.35,83.0,1702,14,14,BOS,Indiana,DOMESTIC,3.0,94,33406,342,180,45,0.396,0.305,0.662,1.5,0.053,-3.0,-0.4,2019,14.7,3.6,1.9,0.5
nassir little,SF,0.06,8.75,10.0,76.5,78.0,104.5,224.2,85.25,1713,25,25,POR,UNC,DOMESTIC,3.0,138,33406,802,472,99,0.455,0.317,0.727,3.7,0.078,-2.1,-0.1,2019,16.7,5.8,3.4,0.7
terance mann,SG-SF,0.04,9.5,9.25,76.75,78.5,101.0,204.6,79.75,1736,48,48,LAC,Florida State,DOMESTIC,3.0,168,33406,1202,609,299,0.492,0.379,0.77,8.3,0.119,-0.7,1.1,2019,20.0,7.2,3.6,1.8
jalen mcdaniels,SF,0.06,9.0,10.0,80.25,81.75,105.5,191.6,84.25,1740,52,52,CHA,San Diego State,DOMESTIC,3.0,102,33406,692,370,109,0.477,0.353,0.709,2.9,0.073,-2.9,-0.4,2019,18.5,6.8,3.6,1.1
ja morant,PG,0.07,8.71,9.3,76.75,77.92,102.31,211.35,81.8,1690,2,2,MEM,Murray State,DOMESTIC,3.0,176,33406,3630,780,1269,0.473,0.321,0.752,12.6,0.107,1.6,5.1,2019,32.1,20.6,4.4,7.2
jaylen nowell,SG,0.06,8.25,8.5,75.25,76.25,98.0,202.4,79.25,1731,43,43,MIN,Washington,DOMESTIC,3.0,99,33406,761,190,168,0.436,0.326,0.803,2.7,0.084,-1.4,0.2,2019,15.4,7.7,1.9,1.7
jordan nwora,PF,0.08,8.5,9.25,77.75,79.5,103.0,220.0,82.5,1793,45,45,MIL,Louisville,DOMESTIC,2.0,76,33406,552,230,53,0.423,0.389,0.771,1.1,0.045,-2.7,-0.2,2020,15.5,7.3,3.0,0.7
chuma okeke,,0.07,8.71,9.3,76.75,77.92,102.31,211.35,81.8,1704,16,16,ORL,Auburn,DOMESTIC,2.0,94,33406,751,409,177,0.397,0.323,0.795,2.6,0.055,-0.8,0.7,2019,24.5,8.0,4.4,1.9
kz okpala,SF,0.05,9.25,9.25,79.25,81.5,106.5,209.6,85.75,1720,32,32,PHO,Stanford,DOMESTIC,3.0,63,33406,176,114,34,0.406,0.273,0.607,0.7,0.048,-5.2,-0.6,2019,11.4,2.8,1.8,0.5
miye oni,SG,0.05,9.0,10.0,76.25,77.75,100.5,205.6,82.75,1746,58,58,GSW,Yale,DOMESTIC,3.0,80,33406,145,108,37,0.35,0.33,0.75,1.0,0.07,-2.5,-0.1,2019,8.4,1.8,1.4,0.5
eric paschall,SF,0.06,9.0,9.5,78.0,79.25,103.5,254.4,83.75,1729,41,41,GSW,Villanova,DOMESTIC,3.0,144,33406,1476,494,205,0.495,0.326,0.755,4.6,0.075,-2.3,-0.2,2019,20.4,10.3,3.4,1.4
reggie perry,SF-PF,0.07,9.0,10.0,80.0,81.25,106.0,250.8,84.5,1805,57,57,LAC,Mississippi State,DOMESTIC,2.0,29,33406,91,81,16,0.42,0.217,0.8,0.3,0.046,-6.7,-0.3,2020,9.0,3.1,2.8,0.6
jordan poole,SG,0.08,8.25,8.5,75.5,77.5,99.5,190.8,78.75,1716,28,28,GSW,Michigan,DOMESTIC,3.0,161,33406,1982,375,417,0.404,0.325,0.874,4.2,0.054,-2.5,-0.5,2019,23.5,12.3,2.3,2.6
kevin porter jr.,SG,0.05,8.75,8.75,76.0,77.5,103.0,212.6,81.0,1718,30,30,MIL,USC,DOMESTIC,3.0,115,33406,1463,415,514,0.421,0.347,0.68,0.1,0.001,-3.4,-1.1,2019,27.6,12.7,3.6,4.5
neemias queta,C,0.06,9.5,11.0,82.75,84.25,111.5,225.8,88.25,1847,39,39,SAC,Utah State University,DOMESTIC,1.0,10,33406,21,19,4,0.391,0.31,0.6,0.0,0.008,-6.4,-0.1,2021,5.6,2.1,1.9,0.4
neemias queta,C,0.08,9.25,10.5,73.25,84.5,108.5,248.4,84.0,1847,39,39,SAC,Utah State University,DOMESTIC,1.0,10,33406,21,19,4,0.391,0.31,0.6,0.0,0.008,-6.4,-0.1,2021,5.6,2.1,1.9,0.4
isaiah roby,PF,0.04,9.0,10.5,79.25,80.5,106.0,214.0,85.0,1733,45,45,DET,Nebraska,DOMESTIC,3.0,86,33406,686,424,122,0.488,0.319,0.729,2.1,0.056,-2.9,-0.4,2019,20.6,8.0,4.9,1.4
admiral schofield,SF,0.07,8.75,9.0,76.0,77.25,102.5,240.6,81.75,1730,42,42,PHI,Tennessee,DOMESTIC,2.0,57,33406,182,96,31,0.419,0.324,0.682,0.4,0.027,-5.1,-0.5,2019,11.2,3.2,1.7,0.5
marial shayok,SF-PF,0.05,8.75,9.25,76.5,77.5,103.5,196.8,84.25,1742,54,54,PHI,Iowa State,DOMESTIC,1.0,4,33406,11,7,1,0.25,0.333,0.75,-0.1,-0.13,-13.0,-0.1,2019,7.0,2.8,1.8,0.3
p.j. washington,PF,0.09,9.0,10.25,78.5,80.0,106.5,230.4,86.25,1700,12,12,CHA,Kentucky,DOMESTIC,3.0,165,33406,1955,976,370,0.446,0.38,0.702,6.7,0.067,-1.0,1.2,2019,29.1,11.8,5.9,2.2
tremont waters,PG,0.07,8.0,9.75,69.5,70.75,93.5,172.4,74.25,1739,51,51,BOS,LSU,DOMESTIC,3.0,40,33406,149,37,85,0.354,0.296,0.96,0.1,0.011,-3.0,-0.1,2019,10.2,3.7,0.9,2.1
quinndary weatherspoon,SG,0.06,8.5,9.0,75.0,76.25,100.0,206.6,81.0,1737,49,49,SAS,Mississippi State,DOMESTIC,3.0,36,33406,72,24,21,0.435,0.167,0.8,0.0,0.002,-6.0,-0.2,2019,6.4,2.0,0.7,0.6
coby white,PG,0.04,7.75,9.0,75.5,76.75,97.5,191.4,77.0,1695,7,7,CHI,UNC,DOMESTIC,3.0,173,33406,2446,635,613,0.415,0.366,0.847,5.5,0.053,-2.3,-0.4,2019,28.5,14.1,3.7,3.5
grant williams,PF,0.05,9.0,10.5,77.75,79.5,104.5,240.2,81.75,1710,22,22,BOS,Tennessee,DOMESTIC,3.0,187,33406,941,533,193,0.45,0.378,0.734,6.5,0.09,-1.8,0.2,2019,18.5,5.0,2.9,1.0
zion williamson,PF,0.07,8.71,9.3,76.75,77.92,102.31,211.35,81.8,1689,1,1,NOP,Duke,DOMESTIC,2.0,85,33406,2187,591,276,0.604,0.333,0.683,10.6,0.189,4.9,4.7,2019,31.7,25.7,7.0,3.2
dylan windler,SF,0.05,8.25,9.5,78.25,79.5,104.5,195.8,82.0,1714,26,26,CLE,Belmont,DOMESTIC,2.0,68,33406,255,169,58,0.435,0.359,0.778,1.3,0.071,-1.3,0.1,2019,12.6,3.8,2.5,0.9
aaron wiggins,SG-SF,0.05,8.75,8.5,72.5,72.0,96.0,190.0,72.75,1863,55,55,OKC,Maryland,DOMESTIC,1.0,34,33406,243,115,38,0.464,0.307,0.706,1.2,0.077,-2.9,-0.2,2021,22.4,7.1,3.4,1.1
ayo dosunmu,SG,0.05,8.5,8.75,72.5,72.0,96.0,194.4,72.25,1846,38,38,CHI,Illinois,DOMESTIC,1.0,54,33406,440,151,166,0.523,0.407,0.677,2.5,0.087,-1.6,0.1,2021,25.9,8.1,2.8,3.1
brandon boston jr.,SF,0.06,9.0,9.75,72.75,72.0,96.0,188.0,72.75,1859,51,51,MEM,Kentucky,DOMESTIC,1.0,41,33406,274,94,36,0.371,0.298,0.847,0.2,0.019,-3.6,-0.2,2021,15.1,6.7,2.3,0.9
cade cunningham,PG,0.07,8.71,9.3,76.75,77.92,102.31,211.35,81.8,1809,1,1,DET,Oklahoma State,DOMESTIC,1.0,44,33406,692,241,227,0.394,0.327,0.856,-0.8,-0.028,-2.4,-0.1,2021,31.8,15.7,5.5,5.2
cam thomas,SG,0.07,8.71,9.3,76.75,77.92,102.31,211.35,81.8,1835,27,27,BRK,LSU,DOMESTIC,1.0,48,33406,470,125,62,0.445,0.273,0.808,0.9,0.046,-2.7,-0.2,2021,19.6,9.8,2.6,1.3
corey kispert,SF,0.07,8.75,10.0,72.0,72.25,96.0,223.8,72.0,1823,15,15,WAS,Gonzaga,DOMESTIC,1.0,53,33406,360,135,50,0.43,0.322,0.884,1.2,0.055,-2.7,-0.2,2021,19.8,6.8,2.5,0.9
david johnson,SG,0.08,8.25,8.5,72.25,72.75,96.0,202.8,72.5,1855,47,47,TOR,Louisville,DOMESTIC,1.0,2,33406,0,0,0,0.0,0.0,0.73,0.0,-0.506,-27.7,0.0,2021,1.0,0.0,0.0,0.0
davion mitchell,PG,0.06,8.25,8.75,72.0,72.25,96.5,202.4,72.25,1817,9,9,SAC,Baylor,DOMESTIC,1.0,53,33406,551,125,183,0.406,0.326,0.558,0.2,0.006,-3.5,-0.5,2021,26.0,10.4,2.4,3.5
day'ron sharpe,C,0.07,8.71,9.3,76.75,77.92,102.31,211.35,81.8,1837,29,29,PHO,UNC,DOMESTIC,1.0,30,33406,182,152,15,0.571,0.25,0.568,1.1,0.146,-3.6,-0.1,2021,12.4,6.1,5.1,0.5
evan mobley,PF,0.07,8.71,9.3,76.75,77.92,102.31,211.35,81.8,1811,3,3,CLE,USC,DOMESTIC,1.0,50,33406,743,403,128,0.503,0.265,0.672,4.2,0.117,0.9,1.2,2021,34.1,14.9,8.1,2.6
greg brown iii,PF,0.06,9.0,9.75,72.25,72.5,97.0,206.4,84.25,1851,43,43,NOP,Texas,DOMESTIC,1.0,28,33406,93,56,7,0.432,0.19,0.633,0.2,0.054,-4.1,-0.1,2021,7.9,3.3,2.0,0.3
herbert jones,SF,0.06,8.5,9.0,72.0,72.25,96.0,206.4,84.25,1843,35,35,NOP,Alabama,DOMESTIC,1.0,56,33406,536,218,118,0.499,0.358,0.855,3.5,0.099,-0.6,0.6,2021,29.9,9.6,3.9,2.1
isaiah jackson,C,0.07,8.71,9.3,76.75,77.92,102.31,211.35,81.8,1830,22,22,LAL,Kentucky,DOMESTIC,1.0,20,33406,115,55,7,0.542,0.429,0.667,0.7,0.173,0.1,0.1,2021,9.7,5.8,2.8,0.4
isaiah livers,SF,0.09,9.0,9.5,72.75,72.25,96.5,231.8,72.25,1850,42,42,DET,Michigan,DOMESTIC,1.0,1,33406,0,0,0,0.0,0.0,0.73,-0.1,-0.52,-17.1,0.0,2021,5.0,0.0,0.0,0.0
isaiah todd,PF,0.06,9.0,9.75,72.75,72.0,97.5,219.0,84.25,1839,31,31,MIL,FOREIGN,FOREIGN,1.0,10,33406,16,10,3,0.294,0.364,0.333,0.0,0.004,-0.1,0.0,2021,4.1,1.6,1.0,0.3
jt thor,PF,0.06,9.25,9.5,72.5,72.25,108.0,203.0,84.25,1845,37,37,DET,Auburn,DOMESTIC,1.0,19,33406,49,27,13,0.405,0.292,0.667,0.3,0.072,-2.7,0.0,2021,9.0,2.6,1.4,0.7
jaden springer,SG,0.06,8.5,9.75,72.0,72.25,96.0,202.0,72.75,1836,28,28,PHI,Tennessee,DOMESTIC,1.0,2,33406,2,2,0,1.0,0.31,0.73,0.0,0.141,17.0,0.0,2021,3.0,1.0,1.0,0.0
jalen green,SG,0.07,8.71,9.3,76.75,77.92,102.31,211.35,81.8,1810,2,2,HOU,FOREIGN,FOREIGN,1.0,43,33406,627,134,100,0.387,0.311,0.818,-0.8,-0.03,-4.9,-1.0,2021,30.4,14.6,3.1,2.3
jalen johnson,PF,0.05,9.75,10.5,72.75,72.25,96.0,209.6,84.25,1828,20,20,ATL,Duke,DOMESTIC,1.0,14,33406,25,16,1,0.45,0.375,0.667,0.0,0.009,-4.6,0.0,2021,4.6,1.8,1.1,0.1
james bouknight,SG,0.06,8.75,9.0,72.5,72.75,96.5,190.0,72.25,1819,11,11,CHA,UConn,DOMESTIC,1.0,28,33406,140,48,23,0.353,0.347,0.871,0.1,0.015,-6.7,-0.4,2021,10.6,5.0,1.7,0.8
jared butler,PG,0.05,8.5,8.25,72.25,72.75,96.5,193.0,72.0,1848,40,40,NOP,Baylor,DOMESTIC,1.0,28,33406,96,23,34,0.409,0.362,0.583,0.2,0.038,-1.9,0.0,2021,7.6,3.4,0.8,1.2
jason preston,PG,0.05,8.5,9.25,72.0,72.0,96.5,180.6,72.5,1841,33,33,ORL,Ohio University,DOMESTIC,3.57,161,33406,1490,577,306,0.43,0.31,0.73,6.0,0.05,-2.73,0.96,2021,16.23,6.5,2.75,1.36
jeremiah robinson-earl,PF,0.09,9.0,9.75,72.75,72.0,96.5,242.4,72.75,1840,32,32,NYK,Villanova,DOMESTIC,1.0,44,33406,314,254,44,0.401,0.333,0.714,1.4,0.068,-2.5,-0.1,2021,23.0,7.1,5.8,1.0
jericho sims,C,0.06,9.0,9.75,72.0,72.0,96.0,250.2,84.25,1866,58,58,NYK,Texas,DOMESTIC,1.0,18,33406,19,27,1,0.727,0.31,0.75,0.4,0.145,-0.6,0.0,2021,6.5,1.1,1.5,0.1
joe wieskamp,SF,0.04,8.5,9.25,72.75,72.25,96.0,204.8,73.0,1849,41,41,SAS,Iowa,DOMESTIC,1.0,15,33406,37,8,5,0.464,0.421,0.429,0.2,0.106,-0.1,0.0,2021,6.1,2.5,0.5,0.3
jonathan kuminga,SF,0.07,8.71,9.3,76.75,77.92,102.31,211.35,81.8,1815,7,7,GSW,FOREIGN,FOREIGN,1.0,47,33406,374,132,33,0.511,0.322,0.655,1.7,0.117,-2.2,0.0,2021,14.5,8.0,2.8,0.7
josh christopher,SG,0.06,8.75,8.5,72.25,72.5,96.0,214.8,72.25,1832,24,24,HOU,Arizona State,DOMESTIC,1.0,50,33406,370,107,87,0.452,0.322,0.773,0.3,0.017,-3.0,-0.2,2021,16.5,7.4,2.1,1.7
joshua primo,SG,0.06,9.0,10.0,72.0,72.0,96.5,189.0,72.25,1820,12,12,SAS,Alabama,DOMESTIC,1.0,30,33406,147,52,42,0.369,0.32,0.76,0.1,0.007,-4.2,-0.3,2021,15.9,4.9,1.7,1.4
kai jones,PF,0.05,9.0,9.5,72.0,73.5,108.5,221.4,84.75,1827,19,19,NYK,Texas,DOMESTIC,1.0,17,33406,16,8,4,0.636,0.5,0.25,0.0,-0.022,-8.8,-0.1,2021,2.8,0.9,0.5,0.2
keon johnson,SG,0.04,8.5,9.0,72.5,72.75,96.0,184.8,72.25,1829,21,21,NYK,Tennessee,DOMESTIC,1.0,15,33406,53,21,13,0.333,0.273,0.762,0.1,0.021,-5.7,-0.1,2021,9.0,3.5,1.4,0.9
kessler edwards,PF,0.04,8.5,8.25,72.0,72.0,96.0,203.0,73.25,1852,44,44,BRK,Pepperdine,DOMESTIC,1.0,28,33406,180,119,18,0.394,0.33,0.8,0.2,0.016,-4.6,-0.5,2021,24.6,6.4,4.3,0.6
luka garza,C,0.12,9.0,9.25,72.0,73.25,97.5,242.8,84.5,1860,52,52,DET,Iowa,DOMESTIC,1.0,29,33406,151,87,16,0.444,0.341,0.643,0.5,0.075,-3.4,-0.1,2021,11.7,5.2,3.0,0.6
marcus zegarowski,PG,0.07,8.0,9.5,72.75,72.0,96.0,180.8,72.75,1857,49,49,BRK,Creighton,DOMESTIC,3.57,161,33406,1490,577,306,0.43,0.31,0.73,6.0,0.05,-2.73,0.96,2021,16.23,6.5,2.75,1.36
miles mcbride,PG,0.06,9.0,9.5,72.0,72.5,96.5,195.2,72.75,1844,36,36,OKC,West Virginia,DOMESTIC,1.0,21,33406,38,16,23,0.259,0.161,0.75,-0.1,-0.03,-6.0,-0.2,2021,7.2,1.8,0.8,1.1
moses moody,SG,0.07,9.0,10.0,72.5,72.0,96.0,210.6,84.75,1822,14,14,GSW,Arkansas,DOMESTIC,1.0,34,33406,109,46,11,0.376,0.306,0.824,0.4,0.065,-4.7,-0.2,2021,9.5,3.2,1.4,0.3
raiquan gray,PF,0.17,9.25,9.0,72.5,72.75,96.0,268.6,72.75,1867,59,59,BRK,Florida State,DOMESTIC,3.57,161,33406,1490,577,306,0.43,0.31,0.73,6.0,0.05,-2.73,0.96,2021,16.23,6.5,2.75,1.36
sandro mamukelashvili,C,0.08,9.0,9.5,72.0,72.0,96.5,239.8,84.25,1862,54,54,IND,Seton Hall,DOMESTIC,1.0,34,33406,102,60,16,0.459,0.385,0.75,0.7,0.111,-0.8,0.1,2021,9.3,3.0,1.8,0.5
scottie barnes,SF,0.05,9.25,10.25,72.0,72.0,108.0,225.4,84.75,1812,4,4,TOR,Florida State,DOMESTIC,1.0,49,33406,706,365,164,0.47,0.313,0.733,3.8,0.104,0.0,0.9,2021,35.4,14.4,7.4,3.3
scottie lewis,SF,0.05,8.75,9.75,72.0,72.25,96.5,187.6,84.0,1864,56,56,CHA,Florida,DOMESTIC,1.0,2,33406,1,0,1,0.43,0.31,0.5,0.0,0.164,6.1,0.0,2021,3.5,0.5,0.0,0.5
sharife cooper,PG,0.07,8.71,9.3,76.75,77.92,102.31,211.35,81.8,1856,48,48,ATL,Auburn,DOMESTIC,1.0,11,33406,7,5,5,0.214,0.167,0.73,-0.2,-0.332,-17.3,-0.1,2021,3.2,0.6,0.5,0.5
tre mann,PG,0.04,8.0,9.0,72.25,72.25,96.5,177.6,72.0,1826,18,18,OKC,Florida,DOMESTIC,1.0,45,33406,390,100,45,0.383,0.365,0.75,0.2,0.013,-4.4,-0.6,2021,20.0,8.7,2.2,1.0
trey murphy iii,SF,0.08,8.5,9.0,72.5,72.25,96.5,206.0,84.0,1825,17,17,MEM,Virginia,DOMESTIC,1.0,41,33406,160,88,20,0.338,0.336,0.857,0.6,0.052,-3.3,-0.2,2021,12.7,3.9,2.1,0.5
ziaire williams,SF,0.04,9.0,8.75,72.25,72.75,96.5,188.4,72.25,1818,10,10,NOP,Stanford,DOMESTIC,1.0,40,33406,291,71,35,0.441,0.284,0.76,1.0,0.057,-4.2,-0.5,2021,21.5,7.3,1.8,0.9
